id,__typename,createdAt,datePlayed,archived,formatId,updatedAt,winningDeckId
fe385975-dea6-478e-9268-eca80cf625f9,Match,2024-05-19T16:56:44.352Z,2024-03-19,False,e692a8b9-5e99-460b-b810-59b06254eaa9,2024-05-19T16:56:44.352Z,0da2b3a3-5000-4e47-8afc-a8447305ae09
e6b9ffb1-3572-4434-bc21-8e6e3fe259d0,Match,2024-05-19T17:00:53.060Z,2024-03-26,False,e692a8b9-5e99-460b-b810-59b06254eaa9,2024-05-19T17:00:53.060Z,c1cdcb57-92d5-4ef7-86db-0c8615333a39
dabe2b69-c349-4021-8cea-b513f82e6286,Match,2024-05-24T23:08:51.182Z,2024-05-24,False,0719aa40-07f3-4b3d-b588-82da8605ffbb,2024-05-24T23:08:51.182Z,624d0224-081d-4438-97a9-bcc5cb83ca99
3439aec6-d042-4424-b898-d8f6629cbbb0,Match,2024-05-19T17:21:18.524Z,2024-05-04,False,0719aa40-07f3-4b3d-b588-82da8605ffbb,2024-05-19T17:21:18.524Z,8af5a74c-e19e-49b8-af4c-76ab019b9bbc
0b006d6f-d8f3-4636-acd5-50ea9b8a4c87,Match,2024-05-19T17:22:15.079Z,2024-05-07,False,0719aa40-07f3-4b3d-b588-82da8605ffbb,2024-05-19T17:22:15.079Z,35794f1e-2411-41b1-a47e-09ed856b9372
00574520-d0cb-415b-9b46-864b0ea033a0,Match,2024-05-19T16:40:35.498Z,2024-02-27,False,e692a8b9-5e99-460b-b810-59b06254eaa9,2024-05-19T16:40:35.498Z,250e0faa-79e1-4a07-aab3-24a7e087a655
f291f891-d3f3-4c8c-84a6-8ad6d5adab2e,Match,2024-05-19T17:03:09.742Z,2024-04-01,False,e692a8b9-5e99-460b-b810-59b06254eaa9,2024-05-19T17:03:09.742Z,00f68c77-1154-473b-9b0a-c0d399478147
985f07be-893a-4792-b9a0-ba8bd5fb27db,Match,2024-06-13T02:20:18.704Z,2024-06-12,False,0719aa40-07f3-4b3d-b588-82da8605ffbb,2024-06-13T02:20:18.704Z,1f783755-f47d-4a5d-83f5-f9a074c932b7
f0c36400-e5f0-4910-8063-e6755dd0acdb,Match,2024-05-19T17:15:40.338Z,2024-04-27,False,0719aa40-07f3-4b3d-b588-82da8605ffbb,2024-05-19T17:15:40.338Z,7782c783-a210-4d4b-a80d-976bef64f8e6
4b9a292a-53f8-4365-91d6-77310632451a,Match,2024-05-30T02:30:50.471Z,2024-05-29,False,0719aa40-07f3-4b3d-b588-82da8605ffbb,2024-05-30T02:30:50.471Z,afd96f9b-7aa8-4bb6-b5a2-3cc7f665fa44
63323c04-090d-4995-9f81-ee736cb806f1,Match,2024-05-19T16:52:09.861Z,2024-03-08,False,e692a8b9-5e99-460b-b810-59b06254eaa9,2024-05-19T16:52:09.861Z,250e0faa-79e1-4a07-aab3-24a7e087a655
e7efc5ae-5caf-4f3d-9169-5af3628bae5b,Match,2024-05-19T16:57:02.341Z,2024-03-19,False,e692a8b9-5e99-460b-b810-59b06254eaa9,2024-05-19T16:57:02.341Z,6ee12394-95a1-4e5a-8f98-e75351f969dc
66e50ed5-04f0-47b8-bcc8-466c54ca3a5d,Match,2024-08-20T00:47:25.504Z,2024-08-19,False,0719aa40-07f3-4b3d-b588-82da8605ffbb,2024-08-20T00:47:25.504Z,be7db7df-6bb0-4f10-8cba-e60d383df3f1
ba97d3a0-2ca5-4fd4-9d12-546a8eb9113b,Match,2024-05-19T16:30:48.425Z,2024-02-25,False,e692a8b9-5e99-460b-b810-59b06254eaa9,2024-05-19T16:30:48.425Z,3d36b33d-c708-450c-85fe-0911a376c762
b8f4bc79-c250-4270-9798-9712eaf65dd8,Match,2024-09-07T14:50:15.166Z,2024-09-07,False,e692a8b9-5e99-460b-b810-59b06254eaa9,2024-09-07T14:50:15.166Z,e1aaf410-f1d9-4b1c-a3d8-557dd9d06e15
f7c27fbc-ebfd-4c45-b8c9-2a485a2aa5e7,Match,2024-05-19T17:19:30.124Z,2024-04-29,False,0719aa40-07f3-4b3d-b588-82da8605ffbb,2024-05-19T17:19:30.124Z,e3edc986-a1fe-4787-98f4-dc9a85d4ccf6
6a634fa2-2a03-4409-97e1-80d2370c88d6,Match,2024-06-24T00:50:24.747Z,2024-06-23,False,0719aa40-07f3-4b3d-b588-82da8605ffbb,2024-06-24T00:50:24.747Z,1f783755-f47d-4a5d-83f5-f9a074c932b7
0b62380b-3541-4f8e-b06e-7e5da2a99d02,Match,2024-05-19T17:20:14.947Z,2024-04-30,False,0719aa40-07f3-4b3d-b588-82da8605ffbb,2024-05-19T17:20:14.947Z,01896448-0df8-4da0-b0dd-f0c3c06c1462
ef5ba112-f8bf-4cd8-862a-2404c7ebfd60,Match,2024-05-19T17:19:53.094Z,2024-04-30,False,0719aa40-07f3-4b3d-b588-82da8605ffbb,2024-05-19T17:19:53.094Z,7782c783-a210-4d4b-a80d-976bef64f8e6
4af99e0b-c7bf-402b-942f-f50d4031cb87,Match,2025-03-04T03:33:55.368Z,2025-03-03,False,0719aa40-07f3-4b3d-b588-82da8605ffbb,2025-03-04T03:33:55.368Z,04a767ae-ee94-45db-b793-1f2a6877e2f4
e27e1937-821d-4214-93eb-f79bd620684e,Match,2024-05-19T20:03:07.429Z,2024-05-19,False,0719aa40-07f3-4b3d-b588-82da8605ffbb,2024-05-19T20:03:07.429Z,0ecf7943-dc6a-45df-96ee-584cf1293c82
93374489-8a4f-4605-bdd3-61399dc91d5a,Match,2024-10-15T00:38:07.879Z,2024-10-14,False,e692a8b9-5e99-460b-b810-59b06254eaa9,2024-10-15T00:38:07.879Z,e1aaf410-f1d9-4b1c-a3d8-557dd9d06e15
6f9a85b9-81e7-4d06-b8fc-b2b3744c0f12,Match,2024-05-19T17:22:58.955Z,2024-05-11,False,0719aa40-07f3-4b3d-b588-82da8605ffbb,2024-05-19T17:22:58.955Z,e3edc986-a1fe-4787-98f4-dc9a85d4ccf6
f2cc24dd-d4c4-4584-90df-20b30441ba82,Match,2024-05-19T17:03:31.103Z,2024-04-02,False,e692a8b9-5e99-460b-b810-59b06254eaa9,2024-05-19T17:03:31.103Z,0da2b3a3-5000-4e47-8afc-a8447305ae09
0c1fb3fe-5adc-4b47-a7df-1f5d9085a5a0,Match,2024-05-19T17:27:35.326Z,2024-05-18,False,0719aa40-07f3-4b3d-b588-82da8605ffbb,2024-05-19T17:27:35.326Z,e3edc986-a1fe-4787-98f4-dc9a85d4ccf6
9d62b0e3-9e6b-44b4-857d-33bc32559e50,Match,2024-05-19T17:01:52.200Z,2024-03-28,False,e692a8b9-5e99-460b-b810-59b06254eaa9,2024-05-19T17:01:52.200Z,631dd081-e14a-430d-9cfc-94a45aa8391b
16125df8-2145-4814-af66-17cf628525f7,Match,2024-05-19T17:18:27.502Z,2024-04-29,False,0719aa40-07f3-4b3d-b588-82da8605ffbb,2024-05-19T17:18:27.502Z,01896448-0df8-4da0-b0dd-f0c3c06c1462
34ff7d84-1fab-4658-8348-2902322192aa,Match,2024-05-19T17:04:29.151Z,2024-04-06,False,e692a8b9-5e99-460b-b810-59b06254eaa9,2024-05-19T17:04:29.151Z,bb2cefdc-d665-4799-96f2-8ca9162e5abd
6aca52c6-444a-4667-94b4-b4473cebf681,Match,2024-11-05T02:56:20.387Z,2024-11-04,False,unranked,2024-11-05T02:56:20.387Z,300b1cca-4bba-4c80-bf2c-eda97fc36244
841cdd0d-f967-453e-a3ef-e86736d114b7,Match,2024-05-19T17:11:47.133Z,2024-04-23,False,0719aa40-07f3-4b3d-b588-82da8605ffbb,2024-05-19T17:11:47.133Z,9a9d96de-6228-4756-8647-3ea1cfa9c650
de6cf46f-73ba-4e28-8322-e3ee661d179f,Match,2024-05-19T17:00:23.764Z,2024-03-25,False,e692a8b9-5e99-460b-b810-59b06254eaa9,2024-05-19T17:00:23.764Z,c7690006-23fb-4b87-bb90-48dd072fd6c7
50901607-8f77-4e6a-9765-dee082276255,Match,2024-06-17T04:21:26.480Z,2024-06-16,False,0719aa40-07f3-4b3d-b588-82da8605ffbb,2024-06-17T04:21:26.480Z,9e932e29-f9ec-4662-a455-5afc2932ba90
bc9ccbd0-7034-4ee1-861e-7fe64bfc0398,Match,2025-03-03T03:45:15.782Z,2025-03-02,False,0719aa40-07f3-4b3d-b588-82da8605ffbb,2025-03-03T03:45:15.782Z,5181ba8a-6b5a-4603-be7f-78c47c5f44cc
785bb154-fc6d-4ecc-9c7a-ad3d6a6f1d6b,Match,2024-05-30T01:50:56.537Z,2024-05-29,False,0719aa40-07f3-4b3d-b588-82da8605ffbb,2024-05-30T01:50:56.537Z,afd96f9b-7aa8-4bb6-b5a2-3cc7f665fa44
f6522620-b50b-4ac2-8321-2d925233ba3c,Match,2024-09-15T02:12:29.618Z,2024-09-14,False,unranked,2024-09-15T02:12:29.618Z,203140ee-a62b-40f4-8bc8-85ba6e64bf96
270550d9-2902-443d-8448-d2af48262748,Match,2024-05-19T21:12:46.681Z,2024-05-19,False,0719aa40-07f3-4b3d-b588-82da8605ffbb,2024-05-19T21:12:46.681Z,01896448-0df8-4da0-b0dd-f0c3c06c1462
9ef3b2ef-8dd0-4793-aa97-5d8751ea9783,Match,2024-11-05T00:46:47.199Z,2024-11-04,False,e692a8b9-5e99-460b-b810-59b06254eaa9,2024-11-05T00:46:47.199Z,a6f27936-232b-463a-8579-0901f58ac9ea
82bb580e-531b-4849-909f-93adcd593054,Match,2024-05-19T16:53:19.950Z,2024-03-11,False,e692a8b9-5e99-460b-b810-59b06254eaa9,2024-05-19T16:53:19.950Z,9f2b5f40-f69f-459d-a21e-07ea0802597b
6ddefae1-1e92-434f-aed8-37874b105a7e,Match,2024-05-19T16:38:13.043Z,2024-02-25,False,e692a8b9-5e99-460b-b810-59b06254eaa9,2024-05-19T16:39:33.418Z,bb2cefdc-d665-4799-96f2-8ca9162e5abd
7c031552-ace6-4fc9-b6ab-3fa7d0b1369a,Match,2024-05-26T21:40:03.780Z,2024-05-26,False,0719aa40-07f3-4b3d-b588-82da8605ffbb,2024-05-26T21:40:03.780Z,01896448-0df8-4da0-b0dd-f0c3c06c1462
35ae9377-40fa-4b75-a7ca-175faa2a1552,Match,2024-05-19T16:57:18.633Z,2024-03-19,False,e692a8b9-5e99-460b-b810-59b06254eaa9,2024-05-19T16:57:18.633Z,0da2b3a3-5000-4e47-8afc-a8447305ae09
b4ece4fc-d532-4362-bf04-5f6125c40038,Match,2024-05-19T17:16:13.906Z,2024-04-27,False,0719aa40-07f3-4b3d-b588-82da8605ffbb,2024-05-19T17:16:13.906Z,75c2b55c-9112-43d4-8009-1ed1344ee62f
12134157-535b-49ce-8b40-56c8553d74f3,Match,2024-05-27T01:55:43.804Z,2024-05-26,False,0719aa40-07f3-4b3d-b588-82da8605ffbb,2024-05-27T01:55:43.804Z,e2c59977-4ccb-4e0e-9532-c7324d603f41
e9a41327-7c50-431b-899e-48724098a772,Match,2024-06-24T02:46:26.831Z,2024-06-23,False,0719aa40-07f3-4b3d-b588-82da8605ffbb,2024-06-24T02:46:26.831Z,1f783755-f47d-4a5d-83f5-f9a074c932b7
8b1b3172-5c40-49f3-8ccd-a97da5d02014,Match,2024-07-23T03:21:34.568Z,2024-07-22,False,0719aa40-07f3-4b3d-b588-82da8605ffbb,2024-07-23T03:21:34.568Z,15b6e205-8132-4d02-9e31-b005dae73745
a2a957e4-96d1-498d-9980-2ebad196cffc,Match,2024-05-19T17:16:30.872Z,2024-04-27,False,0719aa40-07f3-4b3d-b588-82da8605ffbb,2024-05-19T17:16:30.872Z,35794f1e-2411-41b1-a47e-09ed856b9372
a88a3928-be18-485f-af61-a040aa0b9735,Match,2024-05-25T21:37:30.213Z,2024-05-25,False,0719aa40-07f3-4b3d-b588-82da8605ffbb,2024-05-25T21:37:30.213Z,01896448-0df8-4da0-b0dd-f0c3c06c1462
9b96fc29-7fa2-43de-b9c0-45e9bda43166,Match,2024-06-17T04:21:37.911Z,2024-06-16,False,0719aa40-07f3-4b3d-b588-82da8605ffbb,2024-06-17T04:21:37.911Z,7782c783-a210-4d4b-a80d-976bef64f8e6
1e9658d6-2e51-4f46-bb32-091f5acead58,Match,2024-10-02T04:32:12.722Z,2024-10-01,False,0719aa40-07f3-4b3d-b588-82da8605ffbb,2024-10-02T04:32:12.722Z,15b6e205-8132-4d02-9e31-b005dae73745
36ba1e90-1659-4d58-93ae-cab45406ab1c,Match,2024-11-24T01:17:59.895Z,2024-11-23,False,unranked,2024-11-24T01:17:59.895Z,1b66a4ff-a57e-4e74-91d1-5ba6a13e4458
a183af42-c8aa-44ac-8980-3ce2526bb489,Match,2024-05-19T16:30:18.350Z,2024-02-25,False,e692a8b9-5e99-460b-b810-59b06254eaa9,2024-05-19T16:31:46.921Z,25e5c40b-f4f8-444f-b743-6833d93a5232
9c98ec62-bc2b-4353-a20e-c35a6c1ba385,Match,2024-11-28T05:33:46.977Z,2024-11-28,False,unranked,2024-11-28T05:33:46.977Z,1c4ad29c-9a92-496e-beaf-15e5fe376bba
760443cd-483b-472d-bd2d-400bd497b092,Match,2024-06-19T22:41:41.784Z,2024-06-19,False,0719aa40-07f3-4b3d-b588-82da8605ffbb,2024-06-19T22:41:41.784Z,1f783755-f47d-4a5d-83f5-f9a074c932b7
94213126-50ea-4866-8657-837273925459,Match,2024-05-19T16:55:27.015Z,2024-03-15,False,e692a8b9-5e99-460b-b810-59b06254eaa9,2024-05-19T16:55:27.015Z,250e0faa-79e1-4a07-aab3-24a7e087a655
eda07efd-3517-44a2-b837-d63c77c52087,Match,2024-05-27T01:32:52.776Z,2024-05-26,False,0719aa40-07f3-4b3d-b588-82da8605ffbb,2024-05-27T01:32:52.776Z,2ba24060-6877-45c8-8469-e852ca089bc7
8b2347c1-8782-4a8f-88a6-e4c1b729ab22,Match,2024-09-15T01:31:00.043Z,2024-09-14,False,unranked,2024-09-15T01:31:00.043Z,971e723e-4b03-4a96-95fb-f1f5522a02e5
016a5ebb-a5af-4f6a-b293-079e90facd2e,Match,2025-02-27T06:01:22.834Z,2025-02-26,False,05e144bc-397d-4033-80c0-420c6719d84c,2025-02-27T06:01:22.834Z,1290996b-5e32-48d8-9037-2ee321d601d7
b9fb3c5f-c707-4a60-88ab-83d9c7972dcb,Match,2025-02-15T23:25:21.800Z,2025-02-15,False,0719aa40-07f3-4b3d-b588-82da8605ffbb,2025-02-15T23:25:21.800Z,e3edc986-a1fe-4787-98f4-dc9a85d4ccf6
d2c7d908-dc60-4af7-9e8d-d166f663c28d,Match,2024-09-10T02:31:29.272Z,2024-09-09,False,e692a8b9-5e99-460b-b810-59b06254eaa9,2024-09-10T02:31:29.272Z,c7690006-23fb-4b87-bb90-48dd072fd6c7
0a914a11-4463-4da5-9952-a85c1473d6e5,Match,2024-11-27T03:25:32.192Z,2024-11-26,False,unranked,2024-11-27T03:25:32.192Z,1c4ad29c-9a92-496e-beaf-15e5fe376bba
37fa42f6-43d8-4b00-89ef-49ad6c73305c,Match,2024-09-24T00:59:50.890Z,2024-09-23,False,e692a8b9-5e99-460b-b810-59b06254eaa9,2024-09-24T00:59:50.890Z,b9f609d7-37bd-48a8-aef8-e364d65cc147
5ae2602f-1406-4149-80bb-73dab00d40fd,Match,2024-06-16T22:00:36.927Z,2024-06-16,False,0719aa40-07f3-4b3d-b588-82da8605ffbb,2024-06-16T22:00:36.927Z,971e723e-4b03-4a96-95fb-f1f5522a02e5
ba546572-3291-40b6-aa11-3f512a702fe2,Match,2024-05-19T17:27:15.758Z,2024-05-18,False,0719aa40-07f3-4b3d-b588-82da8605ffbb,2024-05-19T17:27:15.758Z,01896448-0df8-4da0-b0dd-f0c3c06c1462
c1523efd-a70f-4946-9825-37a8c1b38d2c,Match,2024-05-19T16:59:48.239Z,2024-03-25,False,e692a8b9-5e99-460b-b810-59b06254eaa9,2024-05-19T16:59:48.239Z,e14da347-acb7-41f0-b98e-fdab9b2d5744
43f14f65-6288-49d9-86fe-5d3c336006fc,Match,2024-06-28T02:17:38.787Z,2024-06-27,False,0719aa40-07f3-4b3d-b588-82da8605ffbb,2024-06-28T02:17:38.787Z,15b6e205-8132-4d02-9e31-b005dae73745
a118966d-3e1c-446d-b9f5-d5d366b5534c,Match,2024-05-19T16:48:17.081Z,2024-03-04,False,e692a8b9-5e99-460b-b810-59b06254eaa9,2024-05-19T16:48:17.081Z,885e878c-4d0e-4aaf-8cfa-0e2b8c765710
0088c9ce-d036-4190-a380-c06879730c31,Match,2024-05-19T17:23:13.760Z,2024-05-11,False,0719aa40-07f3-4b3d-b588-82da8605ffbb,2024-05-19T17:23:13.760Z,7782c783-a210-4d4b-a80d-976bef64f8e6
f1527ba4-5b8f-4618-8f41-c29f5e5bac7e,Match,2025-01-14T03:08:20.566Z,2025-01-13,False,0719aa40-07f3-4b3d-b588-82da8605ffbb,2025-01-14T03:08:20.566Z,624d0224-081d-4438-97a9-bcc5cb83ca99
ae10cb03-5695-4a6d-b4d5-e9145e9f4ba4,Match,2024-06-11T01:01:57.638Z,2024-06-10,False,0719aa40-07f3-4b3d-b588-82da8605ffbb,2024-06-11T01:01:57.638Z,1f783755-f47d-4a5d-83f5-f9a074c932b7
670d1262-cfa8-4f76-8448-1d116183b200,Match,2024-09-24T01:55:38.943Z,2024-09-23,False,unranked,2024-09-24T01:55:38.943Z,971e723e-4b03-4a96-95fb-f1f5522a02e5
9689ce26-ba99-4b1d-b04e-6867d5fb5153,Match,2024-07-26T02:45:24.446Z,2024-07-25,False,0719aa40-07f3-4b3d-b588-82da8605ffbb,2024-07-26T02:45:24.446Z,56dd136e-e970-440e-8346-fc19c9ff4522
dfee2981-aede-40de-8df4-a4066ed359f1,Match,2024-09-28T03:26:08.013Z,2024-09-27,False,e692a8b9-5e99-460b-b810-59b06254eaa9,2024-09-28T03:26:08.013Z,eddd609d-2556-4463-912d-eff97e7b2850
c6b11165-29e0-48b8-a5e3-72cf13339399,Match,2025-02-16T02:58:13.479Z,2025-02-15,False,05e144bc-397d-4033-80c0-420c6719d84c,2025-02-16T02:58:13.479Z,eec3891c-2e1c-48fe-bdb1-b0a6db1f0696
aeb793d9-c9cc-40b5-9fb0-dea5bc599f2e,Match,2024-06-28T01:41:53.171Z,2024-06-27,False,0719aa40-07f3-4b3d-b588-82da8605ffbb,2024-06-28T01:41:53.171Z,983f7936-56be-444e-b78b-6c7d4b6b4116
95ee6cda-2d3f-49e5-86a1-453bbf0bdf20,Match,2024-10-02T04:33:10.042Z,2024-10-01,False,unranked,2024-10-02T04:33:10.042Z,9e932e29-f9ec-4662-a455-5afc2932ba90
419ef7c8-ca16-4b71-8088-d042d4f88358,Match,2024-05-23T01:42:59.144Z,2024-05-22,False,0719aa40-07f3-4b3d-b588-82da8605ffbb,2024-05-23T01:42:59.144Z,624d0224-081d-4438-97a9-bcc5cb83ca99
fc5490c9-04b0-4999-a601-075c86af89d0,Match,2024-05-19T17:04:05.769Z,2024-04-06,False,e692a8b9-5e99-460b-b810-59b06254eaa9,2024-05-19T17:04:05.769Z,89b053b1-41d1-4374-8bb3-c2cc6ca6c27b
8c89d1ef-89fa-4bed-bf5d-aa948cef24d3,Match,2024-08-05T02:53:11.014Z,2024-08-04,False,0719aa40-07f3-4b3d-b588-82da8605ffbb,2024-08-05T02:53:11.014Z,1f783755-f47d-4a5d-83f5-f9a074c932b7
80c39fb1-73ee-4921-a6eb-7063f8898825,Match,2024-11-05T00:21:00.332Z,2024-11-03,False,unranked,2024-11-05T00:21:00.332Z,38c4be29-1c04-41f1-ab19-655ac8623e62
2f5b8955-efd8-4290-9c79-bce922e1f64d,Match,2024-05-19T17:25:18.027Z,2024-05-13,False,0719aa40-07f3-4b3d-b588-82da8605ffbb,2024-05-19T17:25:18.027Z,7782c783-a210-4d4b-a80d-976bef64f8e6
0b8acb71-cdd5-421e-bad4-7ecfa798c667,Match,2024-08-20T02:50:30.126Z,2024-08-19,False,0719aa40-07f3-4b3d-b588-82da8605ffbb,2024-08-20T02:50:30.126Z,a36c6e8e-db11-4660-9b56-0dc01c101ab7
4bd02bf0-6c4e-4b6e-97c5-ea355f2f6a4e,Match,2024-05-19T17:26:46.245Z,2024-05-18,False,e692a8b9-5e99-460b-b810-59b06254eaa9,2024-05-19T17:26:46.245Z,89b053b1-41d1-4374-8bb3-c2cc6ca6c27b
924cc137-8a82-401c-915a-6d9d8be24bf8,Match,2024-11-05T01:06:09.609Z,2024-11-04,False,e692a8b9-5e99-460b-b810-59b06254eaa9,2024-11-05T01:06:09.609Z,bfd5093d-0f43-450e-87af-5d7b993246c0
f325b77e-0127-4460-bb70-0343671860c0,Match,2024-05-19T17:18:55.496Z,2024-04-29,False,0719aa40-07f3-4b3d-b588-82da8605ffbb,2024-05-19T17:18:55.496Z,01896448-0df8-4da0-b0dd-f0c3c06c1462
7e7cdca7-70be-4f43-b9e7-fd2578fdd079,Match,2024-08-20T01:13:42.799Z,2024-08-19,False,0719aa40-07f3-4b3d-b588-82da8605ffbb,2024-08-20T01:13:42.799Z,be7db7df-6bb0-4f10-8cba-e60d383df3f1
3a89732b-e3ff-4316-acd0-0210edecd863,Match,2024-05-19T16:59:29.536Z,2024-03-24,False,e692a8b9-5e99-460b-b810-59b06254eaa9,2024-05-19T16:59:29.536Z,6ee12394-95a1-4e5a-8f98-e75351f969dc
c2f1a431-1881-4ad4-8993-d7ba141a83c2,Match,2024-05-19T16:49:26.252Z,2024-03-05,False,e692a8b9-5e99-460b-b810-59b06254eaa9,2024-05-19T16:49:26.252Z,885e878c-4d0e-4aaf-8cfa-0e2b8c765710
2e0b22f1-3778-4428-9ca5-2a8479b0ac4b,Match,2024-05-19T17:08:07.065Z,2024-04-22,False,0719aa40-07f3-4b3d-b588-82da8605ffbb,2024-05-19T17:08:07.065Z,cca70ec5-8b5b-4274-baba-b6006e7f55ab
79c8df6f-34a2-4463-b935-02a95c2e51d7,Match,2024-06-02T22:42:08.596Z,2024-06-02,False,0719aa40-07f3-4b3d-b588-82da8605ffbb,2024-06-02T22:42:08.596Z,9e932e29-f9ec-4662-a455-5afc2932ba90
3965369e-a004-4327-8b49-1565899183d9,Match,2024-10-17T02:01:35.738Z,2024-10-16,False,unranked,2024-10-17T02:01:35.738Z,be7db7df-6bb0-4f10-8cba-e60d383df3f1
a1a5d1f6-bd6d-4b30-86e9-7f4a036d279c,Match,2024-10-19T01:05:04.807Z,2024-10-18,False,unranked,2024-10-19T01:05:04.807Z,60228cea-c28f-4add-b03a-6f2efec202d1
ec2fcdfe-8533-467a-9d5e-95ef53ccffbc,Match,2024-05-19T16:55:00.819Z,2024-03-13,False,e692a8b9-5e99-460b-b810-59b06254eaa9,2024-05-19T16:55:00.819Z,6ee12394-95a1-4e5a-8f98-e75351f969dc
7be2fff8-8e12-4a83-bf09-99548e73f921,Match,2024-05-19T16:48:39.392Z,2024-03-04,False,e692a8b9-5e99-460b-b810-59b06254eaa9,2024-05-19T16:48:39.392Z,bb2cefdc-d665-4799-96f2-8ca9162e5abd
4dfe3f27-e2a5-442f-ad35-477232fc8386,Match,2024-05-19T17:06:05.117Z,2024-04-16,False,e692a8b9-5e99-460b-b810-59b06254eaa9,2024-05-19T17:06:05.117Z,48ee0e6f-9456-4d47-9a9f-40d9e99806d2
801a938f-7a1b-48ea-b8c5-00575b69034c,Match,2024-10-02T04:32:32.085Z,2024-10-01,False,0719aa40-07f3-4b3d-b588-82da8605ffbb,2024-10-02T04:32:32.085Z,15b6e205-8132-4d02-9e31-b005dae73745
7db41074-24c9-4e3f-ac4e-742cf9c66a37,Match,2024-05-22T03:02:48.085Z,2024-05-21,False,0719aa40-07f3-4b3d-b588-82da8605ffbb,2024-05-22T03:02:48.085Z,7782c783-a210-4d4b-a80d-976bef64f8e6
e2cbfbea-17c0-456e-9949-a3b0ff9a3c0c,Match,2025-02-16T00:24:46.235Z,2025-02-15,False,0719aa40-07f3-4b3d-b588-82da8605ffbb,2025-02-16T00:24:46.235Z,e3edc986-a1fe-4787-98f4-dc9a85d4ccf6
653f30b6-a573-41eb-bf2f-bfe6b3aeb0aa,Match,2025-02-01T01:29:13.945Z,2025-01-31,False,0719aa40-07f3-4b3d-b588-82da8605ffbb,2025-02-01T01:29:13.945Z,15b6e205-8132-4d02-9e31-b005dae73745
57c2e088-a81b-432f-bf3a-8552dcbd10d7,Match,2024-10-02T04:32:53.131Z,2024-10-01,False,unranked,2024-10-02T04:32:53.131Z,9e932e29-f9ec-4662-a455-5afc2932ba90
6fc07d5b-1421-4abd-bcb4-acaf56288844,Match,2024-05-19T16:53:40.835Z,2024-03-11,False,e692a8b9-5e99-460b-b810-59b06254eaa9,2024-05-19T16:53:40.835Z,6ee12394-95a1-4e5a-8f98-e75351f969dc
0f07d24d-1f78-4da0-b2c3-997c8c4e58e2,Match,2024-12-17T02:49:16.793Z,2024-12-16,False,05e144bc-397d-4033-80c0-420c6719d84c,2024-12-17T02:49:16.793Z,eec3891c-2e1c-48fe-bdb1-b0a6db1f0696
4cc93a48-db7e-4636-a2e7-1d48b485e1ba,Match,2024-05-27T18:07:07.927Z,2024-05-27,False,0719aa40-07f3-4b3d-b588-82da8605ffbb,2024-05-27T18:07:07.927Z,01896448-0df8-4da0-b0dd-f0c3c06c1462
a0e2721f-6a8e-4abc-9a6c-74cf4d06e4cb,Match,2025-03-04T03:33:23.111Z,2025-03-03,False,0719aa40-07f3-4b3d-b588-82da8605ffbb,2025-03-04T03:33:23.111Z,452e2bea-687c-40bb-8b80-e8f2ce186b27
0fb904c0-3186-4809-831e-84b40e685c91,Match,2025-01-25T23:34:01.521Z,2025-01-25,False,05e144bc-397d-4033-80c0-420c6719d84c,2025-01-25T23:34:01.521Z,d008e305-a316-4c0f-ad1f-c0f2e406ddb2
e3e2e178-0878-4aac-906c-60dcc64702bf,Match,2024-05-19T17:02:40.599Z,2024-04-01,False,e692a8b9-5e99-460b-b810-59b06254eaa9,2024-05-19T17:02:40.599Z,661cce5b-87d7-4f09-8656-6842e9302fbe
a8c29a5c-8411-411a-b0a4-f3ab79a093cd,Match,2024-10-07T21:53:14.605Z,2024-10-07,False,e692a8b9-5e99-460b-b810-59b06254eaa9,2024-10-07T21:53:14.605Z,48cf8d82-a432-44d1-841f-5ccf63d81551
742e7c09-f0ec-461b-afac-b989f0609e91,Match,2024-05-19T16:46:56.133Z,2024-03-03,False,e692a8b9-5e99-460b-b810-59b06254eaa9,2024-05-19T16:46:56.133Z,bb2cefdc-d665-4799-96f2-8ca9162e5abd
d939ab3e-5f78-4a45-9212-34f8c6699ce5,Match,2024-07-14T23:37:39.849Z,2024-07-14,False,0719aa40-07f3-4b3d-b588-82da8605ffbb,2024-07-14T23:37:39.849Z,1f783755-f47d-4a5d-83f5-f9a074c932b7
ea34512e-29f2-418d-b204-f43b2cd9bef5,Match,2024-06-01T21:07:38.877Z,2024-06-01,False,0719aa40-07f3-4b3d-b588-82da8605ffbb,2024-06-01T21:07:38.877Z,01896448-0df8-4da0-b0dd-f0c3c06c1462
b8c4651d-08a7-45e1-933b-ec6cabfe0dd3,Match,2024-11-02T03:03:09.960Z,2024-11-01,False,unranked,2024-11-02T03:03:09.960Z,e5e6862b-e3b1-4c9d-a823-790cdae7a37f
9df6bd67-ba7a-44ea-9332-450858e63982,Match,2024-07-17T02:02:05.963Z,2024-07-16,False,0719aa40-07f3-4b3d-b588-82da8605ffbb,2024-07-17T02:02:05.963Z,56dd136e-e970-440e-8346-fc19c9ff4522
360cad9f-81d7-4850-93b6-f7fad21af4bf,Match,2024-06-04T02:18:45.346Z,2024-06-03,False,0719aa40-07f3-4b3d-b588-82da8605ffbb,2024-06-04T02:18:45.346Z,8af5a74c-e19e-49b8-af4c-76ab019b9bbc
b502fa0e-e544-4976-9634-85ead49874c9,Match,2024-06-10T22:54:59.036Z,2024-06-10,False,0719aa40-07f3-4b3d-b588-82da8605ffbb,2024-06-10T22:54:59.036Z,1f783755-f47d-4a5d-83f5-f9a074c932b7
241e563c-67de-44a1-b6ad-6d9ac67d19bb,Match,2024-10-08T01:57:22.230Z,2024-10-07,False,unranked,2024-10-08T01:57:22.230Z,971e723e-4b03-4a96-95fb-f1f5522a02e5
8648f253-b190-434b-9186-2f6244c97a74,Match,2024-07-09T02:52:16.720Z,2024-07-08,False,0719aa40-07f3-4b3d-b588-82da8605ffbb,2024-07-09T02:52:16.720Z,15b6e205-8132-4d02-9e31-b005dae73745
b012af7f-a9a8-4efd-8759-1e619d84e852,Match,2024-07-19T03:54:35.043Z,2024-07-18,False,e692a8b9-5e99-460b-b810-59b06254eaa9,2024-07-19T03:54:35.043Z,3d36b33d-c708-450c-85fe-0911a376c762
b21a2f38-d2d0-4b06-a728-c0515e8d5c66,Match,2024-10-10T17:22:19.411Z,2024-10-10,False,0719aa40-07f3-4b3d-b588-82da8605ffbb,2024-10-10T17:22:19.411Z,15b6e205-8132-4d02-9e31-b005dae73745
78d28d9d-aeeb-488e-bffc-0e5fb3d3be76,Match,2024-06-26T04:55:38.401Z,2024-06-25,False,0719aa40-07f3-4b3d-b588-82da8605ffbb,2024-06-26T04:55:38.401Z,15b6e205-8132-4d02-9e31-b005dae73745
3a438b32-8fbd-4360-a2da-c5110ae38f60,Match,2024-05-19T16:43:13.899Z,2024-02-28,False,e692a8b9-5e99-460b-b810-59b06254eaa9,2024-05-19T16:43:13.899Z,9f2b5f40-f69f-459d-a21e-07ea0802597b
cfded99c-2b29-4f71-b7ac-83b79b2d9a16,Match,2024-05-19T16:29:06.910Z,2024-02-24,False,e692a8b9-5e99-460b-b810-59b06254eaa9,2024-05-19T16:29:06.910Z,00f68c77-1154-473b-9b0a-c0d399478147
e875a3a8-7445-41a7-b199-422ff4363176,Match,2024-05-19T17:20:36.196Z,2024-05-02,False,0719aa40-07f3-4b3d-b588-82da8605ffbb,2024-05-19T17:20:36.196Z,f8387ebc-be96-4903-8628-fc7851caa547
40b6cbc5-9032-4497-ae9f-69a1c221af8a,Match,2024-05-19T16:56:16.274Z,2024-03-17,False,e692a8b9-5e99-460b-b810-59b06254eaa9,2024-05-19T16:56:16.274Z,89b053b1-41d1-4374-8bb3-c2cc6ca6c27b
59a84192-088a-4584-9662-0f7304b3522d,Match,2024-06-15T03:55:06.481Z,2024-06-14,False,0719aa40-07f3-4b3d-b588-82da8605ffbb,2024-06-15T03:55:06.481Z,7782c783-a210-4d4b-a80d-976bef64f8e6
2e225887-fa44-4a1f-9294-d97a3136e4d6,Match,2024-05-19T17:14:43.856Z,2024-04-27,False,0719aa40-07f3-4b3d-b588-82da8605ffbb,2024-05-19T17:14:43.856Z,e3edc986-a1fe-4787-98f4-dc9a85d4ccf6
6c929c86-93ac-4dde-b8c8-b0d8112391a6,Match,2024-11-05T03:29:22.888Z,2024-09-03,False,e692a8b9-5e99-460b-b810-59b06254eaa9,2024-11-05T03:29:22.888Z,34f78b14-b22a-4e8a-83d0-f1da9f20daee
540ae087-fd26-4173-8c13-309051d4ff90,Match,2024-06-26T04:02:31.615Z,2024-06-25,False,0719aa40-07f3-4b3d-b588-82da8605ffbb,2024-06-26T04:02:31.615Z,15b6e205-8132-4d02-9e31-b005dae73745
43a8ae38-7411-430d-a560-b6f10ac5b4cd,Match,2024-05-19T17:12:06.309Z,2024-04-23,False,0719aa40-07f3-4b3d-b588-82da8605ffbb,2024-05-19T17:12:06.309Z,0ecf7943-dc6a-45df-96ee-584cf1293c82
e5875fa6-f116-45ed-91b3-f41438f077dc,Match,2024-06-06T02:18:00.866Z,2024-06-05,False,0719aa40-07f3-4b3d-b588-82da8605ffbb,2024-06-06T02:18:00.866Z,e18a28b5-3027-4123-bf02-d2b69898a8e3
13e22dc1-b1e7-4e77-9445-8cf9261c3cb9,Match,2024-05-21T02:46:26.652Z,2024-04-22,False,0719aa40-07f3-4b3d-b588-82da8605ffbb,2024-05-21T02:46:26.652Z,1b66a4ff-a57e-4e74-91d1-5ba6a13e4458
5d601866-95a0-4bb1-8c03-39e580b3f9e4,Match,2024-07-05T20:59:19.091Z,2024-07-05,False,0719aa40-07f3-4b3d-b588-82da8605ffbb,2024-07-05T20:59:19.091Z,4ba19e62-7260-4580-8344-f88e52740574
896579cb-b600-4c5c-8840-28df4f9f0519,Match,2024-09-09T00:53:11.432Z,2024-09-08,False,unranked,2024-09-09T00:53:11.432Z,be7db7df-6bb0-4f10-8cba-e60d383df3f1
9be90bfa-c6ec-4fea-883d-0df9412ef191,Match,2024-05-21T00:05:07.902Z,2024-05-20,False,0719aa40-07f3-4b3d-b588-82da8605ffbb,2024-05-21T00:05:07.902Z,2ba24060-6877-45c8-8469-e852ca089bc7
e8e6520f-2157-457d-a513-36e0e25986b6,Match,2024-05-19T17:24:26.615Z,2024-05-11,False,0719aa40-07f3-4b3d-b588-82da8605ffbb,2024-05-19T17:24:26.615Z,624d0224-081d-4438-97a9-bcc5cb83ca99
b530bc9e-ed94-4265-bc01-906d1be6da3a,Match,2024-10-22T01:12:22.508Z,2024-10-21,False,e692a8b9-5e99-460b-b810-59b06254eaa9,2024-10-22T01:12:22.508Z,381336db-4f03-4c63-9868-72bc320dd532
c80ca1fc-6643-48d7-b70c-3050f301f815,Match,2024-05-29T01:18:16.346Z,2024-05-28,False,0719aa40-07f3-4b3d-b588-82da8605ffbb,2024-05-29T01:18:16.346Z,313cdf97-a9c8-44e3-86c2-13c8d5542798
7401a4df-221f-4d4a-97d8-38f00f8fa5fd,Match,2024-10-15T02:45:24.628Z,2024-10-14,False,e692a8b9-5e99-460b-b810-59b06254eaa9,2024-10-15T02:45:24.628Z,a4c228f7-b18b-4a28-80b1-329d485968a2
9c3ec8fe-c4d5-4f12-a2be-ba53bfbad97a,Match,2024-05-26T02:36:42.767Z,2024-05-25,False,0719aa40-07f3-4b3d-b588-82da8605ffbb,2024-05-26T02:36:42.767Z,7782c783-a210-4d4b-a80d-976bef64f8e6
36fd116d-9140-4798-847b-af5939f1faf5,Match,2024-05-19T16:51:28.978Z,2024-03-07,False,e692a8b9-5e99-460b-b810-59b06254eaa9,2024-05-19T16:51:28.978Z,250e0faa-79e1-4a07-aab3-24a7e087a655
8b4320af-ff1d-464a-8c27-7d1e427f9476,Match,2024-05-19T17:21:38.922Z,2024-05-06,False,0719aa40-07f3-4b3d-b588-82da8605ffbb,2024-05-19T17:21:38.922Z,e3edc986-a1fe-4787-98f4-dc9a85d4ccf6
6c827fd0-76b4-4e3a-a6c0-dd3ed4b7e944,Match,2025-01-14T02:04:42.461Z,2025-01-13,False,0719aa40-07f3-4b3d-b588-82da8605ffbb,2025-01-14T02:04:42.461Z,1c4ad29c-9a92-496e-beaf-15e5fe376bba
88c5243d-1f14-4c82-991d-8f662852a4e1,Match,2025-02-22T03:52:17.191Z,2025-02-21,False,05e144bc-397d-4033-80c0-420c6719d84c,2025-02-22T03:52:17.191Z,1290996b-5e32-48d8-9037-2ee321d601d7
693d78b7-39e3-42d4-a18a-335bcac8a59d,Match,2024-05-19T16:54:05.540Z,2024-03-12,False,e692a8b9-5e99-460b-b810-59b06254eaa9,2024-05-19T16:54:05.540Z,bb2cefdc-d665-4799-96f2-8ca9162e5abd
78b2b305-f599-4339-9d80-5ee20cd92834,Match,2024-11-05T03:00:11.270Z,2024-11-04,False,0719aa40-07f3-4b3d-b588-82da8605ffbb,2024-11-05T03:00:11.270Z,15b6e205-8132-4d02-9e31-b005dae73745
e7652c3c-36a9-432a-80cc-39951de186a7,Match,2025-02-28T05:12:39.141Z,2025-02-27,False,05e144bc-397d-4033-80c0-420c6719d84c,2025-02-28T05:12:39.141Z,1290996b-5e32-48d8-9037-2ee321d601d7
1329a243-e2d3-4942-84d8-2b98c0d941b3,Match,2024-05-27T01:29:27.820Z,2024-05-26,False,0719aa40-07f3-4b3d-b588-82da8605ffbb,2024-05-27T01:29:27.820Z,2ba24060-6877-45c8-8469-e852ca089bc7
1e7b733b-1d79-460c-9c22-2c9934506ad6,Match,2025-03-04T04:48:51.651Z,2025-03-03,False,unranked,2025-03-04T04:48:51.651Z,452e2bea-687c-40bb-8b80-e8f2ce186b27
50959a29-396e-47b0-b14b-e6e8e2de1b08,Match,2024-05-19T17:23:34.491Z,2024-05-11,False,0719aa40-07f3-4b3d-b588-82da8605ffbb,2024-05-19T17:23:34.491Z,e14f5f2f-6a2e-495f-b71b-f117b29eac3a
1a7ed748-2f73-44bc-a29d-86c4def3cc94,Match,2024-06-02T18:50:44.516Z,2024-06-02,False,0719aa40-07f3-4b3d-b588-82da8605ffbb,2024-06-02T18:50:44.516Z,1c5671c6-59fe-4329-9bfc-671e7e11b021
52e21570-b667-43a1-b9b9-42701d2724d6,Match,2024-05-26T20:44:59.072Z,2024-05-26,False,0719aa40-07f3-4b3d-b588-82da8605ffbb,2024-05-26T20:44:59.072Z,7782c783-a210-4d4b-a80d-976bef64f8e6
51420ce1-2e41-414f-a262-13ae97650736,Match,2024-05-19T16:49:44.871Z,2024-03-05,False,e692a8b9-5e99-460b-b810-59b06254eaa9,2024-05-19T16:49:44.871Z,c7690006-23fb-4b87-bb90-48dd072fd6c7
617ab9ca-75b5-480f-981a-03a166af3bbe,Match,2024-06-02T19:11:20.486Z,2024-06-02,False,0719aa40-07f3-4b3d-b588-82da8605ffbb,2024-06-02T19:11:20.486Z,1c5671c6-59fe-4329-9bfc-671e7e11b021
4252bb84-b7dc-400b-a2f3-2a88fa4fd6bd,Match,2024-05-19T16:44:16.053Z,2024-03-02,False,e692a8b9-5e99-460b-b810-59b06254eaa9,2024-05-19T16:44:16.053Z,9f2b5f40-f69f-459d-a21e-07ea0802597b
751b41f7-65a3-42a6-a7fc-145cc453208c,Match,2024-05-19T17:13:21.781Z,2024-04-25,False,0719aa40-07f3-4b3d-b588-82da8605ffbb,2024-05-19T17:13:21.781Z,e3edc986-a1fe-4787-98f4-dc9a85d4ccf6
1e10720f-fcb7-4b57-8965-a40c7dd66dd5,Match,2024-06-23T19:58:18.187Z,2024-06-23,False,0719aa40-07f3-4b3d-b588-82da8605ffbb,2024-06-23T19:58:18.187Z,7782c783-a210-4d4b-a80d-976bef64f8e6
89a94386-38d5-4974-9af1-93acc33f31f8,Match,2024-09-24T03:11:53.756Z,2024-09-23,False,0719aa40-07f3-4b3d-b588-82da8605ffbb,2024-09-24T03:11:53.756Z,624d0224-081d-4438-97a9-bcc5cb83ca99
2781bf39-b075-4dcc-84b8-de13fa00dc10,Match,2024-09-27T04:23:02.603Z,2024-09-27,False,unranked,2024-09-27T04:23:02.603Z,400320a5-7a24-4262-8d82-4991395b6a49
7e098800-d3a6-403a-a0dc-8066babb6924,Match,2024-11-02T00:49:02.224Z,2024-11-01,False,unranked,2024-11-02T00:49:02.224Z,1c4ad29c-9a92-496e-beaf-15e5fe376bba
86d93fa0-61b0-43d6-bbed-8dde9a69593d,Match,2024-06-11T02:33:20.438Z,2024-06-10,False,0719aa40-07f3-4b3d-b588-82da8605ffbb,2024-06-11T02:33:20.438Z,1c5671c6-59fe-4329-9bfc-671e7e11b021
845988e9-bbcd-432d-ae00-fd011cb2f59b,Match,2024-05-19T16:41:40.022Z,2024-02-28,False,e692a8b9-5e99-460b-b810-59b06254eaa9,2024-05-19T16:41:40.022Z,44f636b9-182b-415d-afd8-ee563a0870b3
3e92b666-53f5-48c2-97d6-cbe6c22a4dc1,Match,2024-06-23T20:23:04.647Z,2024-06-23,False,0719aa40-07f3-4b3d-b588-82da8605ffbb,2024-06-23T20:23:04.647Z,1f783755-f47d-4a5d-83f5-f9a074c932b7
91c5181c-7b42-4c82-bd6d-a9667f66d725,Match,2024-05-19T17:17:43.716Z,2024-04-28,False,0719aa40-07f3-4b3d-b588-82da8605ffbb,2024-05-19T17:17:43.716Z,7782c783-a210-4d4b-a80d-976bef64f8e6
ea276179-2c94-4562-9859-5478308a8715,Match,2024-05-29T02:49:52.393Z,2024-05-28,False,0719aa40-07f3-4b3d-b588-82da8605ffbb,2024-05-29T02:49:52.393Z,afd96f9b-7aa8-4bb6-b5a2-3cc7f665fa44
e28131b3-8e5f-4517-937c-6a67f72bb407,Match,2024-05-19T17:10:32.026Z,2024-04-22,False,0719aa40-07f3-4b3d-b588-82da8605ffbb,2024-05-19T17:10:32.026Z,f8387ebc-be96-4903-8628-fc7851caa547
e28cc0a9-de9e-49a8-b58c-127e6c708f4b,Match,2024-05-19T17:15:50.259Z,2024-04-27,False,0719aa40-07f3-4b3d-b588-82da8605ffbb,2024-05-19T17:15:50.259Z,7782c783-a210-4d4b-a80d-976bef64f8e6
34b77b5e-a006-432c-80ce-64509d97aabc,Match,2024-07-19T03:54:17.211Z,2024-07-18,False,e692a8b9-5e99-460b-b810-59b06254eaa9,2024-07-19T03:54:17.211Z,3d36b33d-c708-450c-85fe-0911a376c762
3220e190-20f2-4f73-a224-b81891e0f36b,Match,2024-05-19T17:24:56.597Z,2024-05-11,False,0719aa40-07f3-4b3d-b588-82da8605ffbb,2024-05-19T17:24:56.597Z,7782c783-a210-4d4b-a80d-976bef64f8e6
c64698d4-c829-4430-9b02-bb6c02a7717c,Match,2024-05-23T04:02:17.292Z,2024-05-22,False,e692a8b9-5e99-460b-b810-59b06254eaa9,2024-05-23T04:02:17.292Z,6ee12394-95a1-4e5a-8f98-e75351f969dc
6e5adccf-9c6d-4c59-bc25-5d28e56db77f,Match,2024-10-22T01:56:39.982Z,2024-10-21,False,unranked,2024-10-22T01:56:39.982Z,1c4ad29c-9a92-496e-beaf-15e5fe376bba
cedaddcb-4a62-4790-b250-eb1bfcabe3d0,Match,2024-06-01T21:07:32.225Z,2024-06-01,False,0719aa40-07f3-4b3d-b588-82da8605ffbb,2024-06-01T21:07:32.225Z,01896448-0df8-4da0-b0dd-f0c3c06c1462
17ee74d8-bdb0-42d6-b276-120812dd9135,Match,2024-05-19T17:02:13.437Z,2024-03-28,False,e692a8b9-5e99-460b-b810-59b06254eaa9,2024-05-19T17:02:13.437Z,661cce5b-87d7-4f09-8656-6842e9302fbe
09cb7b56-378e-42fd-afee-a1bd2e4d8d91,Match,2024-11-05T17:22:37.886Z,2024-11-05,False,0719aa40-07f3-4b3d-b588-82da8605ffbb,2024-11-05T17:22:37.886Z,c10d1191-3277-45eb-b9c5-4b3bbae2d3f7
02b5985a-35a3-49f2-b597-fb234c8cfc04,Match,2024-07-11T01:38:22.761Z,2024-07-10,False,0719aa40-07f3-4b3d-b588-82da8605ffbb,2024-07-11T01:38:22.761Z,428adb2b-52fb-4b4c-a90d-f0e1e2f3e7c9
71449a33-75f9-4899-838b-1388d5f5b586,Match,2024-09-10T01:09:59.357Z,2024-09-09,False,e692a8b9-5e99-460b-b810-59b06254eaa9,2024-09-10T01:09:59.357Z,34f78b14-b22a-4e8a-83d0-f1da9f20daee
b907b3da-3006-4f31-8d1c-b7bff7f9b9c7,Match,2024-05-19T16:47:30.854Z,2024-03-03,False,e692a8b9-5e99-460b-b810-59b06254eaa9,2024-05-19T16:47:30.854Z,89b053b1-41d1-4374-8bb3-c2cc6ca6c27b
0ac4f861-c40e-4a8a-a8d6-98d888a771dd,Match,2024-05-19T17:19:11.133Z,2024-04-29,False,0719aa40-07f3-4b3d-b588-82da8605ffbb,2024-05-19T17:19:11.133Z,fba8470e-521d-4edc-8008-07e376fa47f2
e8e59e3d-a1b8-432a-b31c-bb13dcf0493b,Match,2024-05-19T16:50:31.119Z,2024-03-06,False,e692a8b9-5e99-460b-b810-59b06254eaa9,2024-05-19T16:50:31.119Z,c7690006-23fb-4b87-bb90-48dd072fd6c7
b3d0f27b-5f04-4af1-be3a-00eca1987687,Match,2024-06-11T04:01:13.646Z,2024-06-10,False,0719aa40-07f3-4b3d-b588-82da8605ffbb,2024-06-11T04:01:13.646Z,1f783755-f47d-4a5d-83f5-f9a074c932b7
d22f302b-58d2-4400-9713-aec7f3cea3ce,Match,2025-01-21T02:45:34.056Z,2025-01-20,False,0719aa40-07f3-4b3d-b588-82da8605ffbb,2025-01-21T02:45:34.056Z,1b66a4ff-a57e-4e74-91d1-5ba6a13e4458
aee14d31-7b5e-406c-8696-6e594b1b40a1,Match,2024-05-19T17:17:26.161Z,2024-04-27,False,0719aa40-07f3-4b3d-b588-82da8605ffbb,2024-05-19T17:17:26.161Z,75c2b55c-9112-43d4-8009-1ed1344ee62f
f878e0c1-8c4e-4a51-b19a-f9d4491f044c,Match,2025-01-21T01:53:13.973Z,2025-01-20,False,0719aa40-07f3-4b3d-b588-82da8605ffbb,2025-01-21T01:53:13.973Z,e3edc986-a1fe-4787-98f4-dc9a85d4ccf6
8927f9c9-027d-4a1d-ae88-eb32b2f5af0c,Match,2024-09-07T14:40:03.362Z,2024-09-02,False,e692a8b9-5e99-460b-b810-59b06254eaa9,2024-09-07T14:40:03.362Z,e1aaf410-f1d9-4b1c-a3d8-557dd9d06e15
53d05636-5e1b-49eb-af5f-eced6082eade,Match,2024-07-05T02:55:25.073Z,2024-07-03,False,0719aa40-07f3-4b3d-b588-82da8605ffbb,2024-07-05T02:55:25.073Z,4ba19e62-7260-4580-8344-f88e52740574
252bd489-0f71-42ef-ba29-71e14357226c,Match,2025-01-28T03:24:13.035Z,2025-01-27,False,unranked,2025-01-28T03:24:13.035Z,0ecf7943-dc6a-45df-96ee-584cf1293c82
a7a64cda-ce32-4bc0-a1ad-e885ec3deb16,Match,2024-06-01T21:08:11.146Z,2024-06-01,False,0719aa40-07f3-4b3d-b588-82da8605ffbb,2024-06-01T21:08:11.146Z,9e932e29-f9ec-4662-a455-5afc2932ba90
7fbada57-0f2f-46c7-8c11-f6436ff9a53c,Match,2024-05-21T01:48:07.353Z,2024-05-20,False,0719aa40-07f3-4b3d-b588-82da8605ffbb,2024-05-21T01:48:07.353Z,0ecf7943-dc6a-45df-96ee-584cf1293c82
07de811e-f661-4892-83a2-9f0f838bf996,Match,2024-05-19T17:17:05.908Z,2024-04-27,False,0719aa40-07f3-4b3d-b588-82da8605ffbb,2024-05-19T17:17:05.908Z,75c2b55c-9112-43d4-8009-1ed1344ee62f
82edeac2-23ea-4bec-a1b6-1cbe2d50104b,Match,2024-05-19T16:53:00.088Z,2024-03-10,False,e692a8b9-5e99-460b-b810-59b06254eaa9,2024-05-19T16:53:00.088Z,0da2b3a3-5000-4e47-8afc-a8447305ae09
dcb13676-54b0-4753-b236-7694a2abe7d6,Match,2024-06-01T21:07:55.071Z,2024-06-01,False,0719aa40-07f3-4b3d-b588-82da8605ffbb,2024-06-01T21:07:55.071Z,9e932e29-f9ec-4662-a455-5afc2932ba90
36dec177-f2aa-4f9d-9c12-29b14e5afac9,Match,2025-02-01T01:28:45.335Z,2025-01-31,False,0719aa40-07f3-4b3d-b588-82da8605ffbb,2025-02-01T01:28:45.335Z,e3edc986-a1fe-4787-98f4-dc9a85d4ccf6
72a8e1a4-4bbc-410a-8da0-8b7b1f8341eb,Match,2024-05-19T17:04:46.358Z,2024-04-06,False,e692a8b9-5e99-460b-b810-59b06254eaa9,2024-05-19T17:04:46.358Z,9f2b5f40-f69f-459d-a21e-07ea0802597b
dc0c61ee-ec5e-4e28-b83b-7ce5bd50133d,Match,2024-05-19T16:54:21.312Z,2024-03-13,False,e692a8b9-5e99-460b-b810-59b06254eaa9,2024-05-19T16:54:21.312Z,6ee12394-95a1-4e5a-8f98-e75351f969dc
187c21b8-a2c3-40d0-9d04-7fcf3f9d22b4,Match,2024-07-09T00:22:02.800Z,2024-07-08,False,0719aa40-07f3-4b3d-b588-82da8605ffbb,2024-07-09T00:22:02.800Z,1f783755-f47d-4a5d-83f5-f9a074c932b7
ab430d1b-4582-4cb5-b4d7-db3b8628395b,Match,2024-11-02T02:40:38.145Z,2024-11-01,False,unranked,2024-11-02T02:40:38.145Z,a2d9af61-c74b-4aba-b85e-c99e603bfa36
968f1ac9-76e2-4acb-8bdc-dda76ff08bab,Match,2024-05-23T00:20:23.970Z,2024-05-22,False,0719aa40-07f3-4b3d-b588-82da8605ffbb,2024-05-23T00:20:23.970Z,8af5a74c-e19e-49b8-af4c-76ab019b9bbc
ee838faa-7943-47e0-b85e-81e2a736bf93,Match,2024-05-27T18:06:59.262Z,2024-05-27,False,0719aa40-07f3-4b3d-b588-82da8605ffbb,2024-05-27T18:06:59.262Z,01896448-0df8-4da0-b0dd-f0c3c06c1462
fbfea9e2-1db5-452f-8662-3de2dedaf3e8,Match,2025-02-18T02:56:30.403Z,2025-02-17,False,05e144bc-397d-4033-80c0-420c6719d84c,2025-02-18T02:56:30.403Z,86c33393-a8e1-4588-a395-b776bb52f85a
00cc5d2a-f555-4138-9e14-c4491cdfa0c5,Match,2024-07-26T01:42:46.193Z,2024-07-25,False,0719aa40-07f3-4b3d-b588-82da8605ffbb,2024-07-26T01:42:46.193Z,e18a28b5-3027-4123-bf02-d2b69898a8e3
2d0c490b-43d9-4ecf-a7ab-3ce9be15ddbb,Match,2024-09-09T01:01:34.183Z,2024-09-08,False,unranked,2024-09-09T01:01:34.183Z,02351260-5d52-4ddf-8a16-738b62887787
6a8e5e32-5247-4784-93cb-e1e8d4b134d2,Match,2024-09-13T21:18:32.795Z,2024-09-13,False,e692a8b9-5e99-460b-b810-59b06254eaa9,2024-09-13T21:18:32.795Z,e1aaf410-f1d9-4b1c-a3d8-557dd9d06e15
e5a9ffc5-d60f-483f-a19f-22db9f06ca3b,Match,2024-06-13T03:31:43.633Z,2024-06-12,False,0719aa40-07f3-4b3d-b588-82da8605ffbb,2024-06-13T03:31:43.633Z,9e932e29-f9ec-4662-a455-5afc2932ba90
4ad323d8-aa82-418f-9190-f01ecb7897b2,Match,2024-11-05T01:48:34.749Z,2024-11-04,False,e692a8b9-5e99-460b-b810-59b06254eaa9,2024-11-05T01:48:34.749Z,a4c228f7-b18b-4a28-80b1-329d485968a2
607bc6c1-cf50-427d-a428-ddef0dee0d0b,Match,2024-05-19T16:44:41.217Z,2024-03-03,False,e692a8b9-5e99-460b-b810-59b06254eaa9,2024-05-19T16:44:41.217Z,c7690006-23fb-4b87-bb90-48dd072fd6c7
4d25cb7f-b9c4-493e-b891-3596a1f4a4a3,Match,2024-05-21T04:02:38.618Z,2024-05-20,False,0719aa40-07f3-4b3d-b588-82da8605ffbb,2024-05-21T04:02:38.618Z,e18a28b5-3027-4123-bf02-d2b69898a8e3
ba848fd7-9e28-4c59-97e2-9cc7d0d4e78f,Match,2024-07-16T02:51:18.994Z,2024-07-15,False,0719aa40-07f3-4b3d-b588-82da8605ffbb,2024-07-16T02:51:18.994Z,1f783755-f47d-4a5d-83f5-f9a074c932b7
767df920-ca3e-4a05-9a11-897f58d2d251,Match,2025-02-02T00:33:30.611Z,2025-02-01,False,05e144bc-397d-4033-80c0-420c6719d84c,2025-02-02T00:33:30.611Z,2b61216a-3c94-4fbc-9015-d1689ef7ea75
38126c15-0467-4a7e-9ed4-da813c4fa589,Match,2024-10-23T00:49:46.154Z,2024-10-22,False,0719aa40-07f3-4b3d-b588-82da8605ffbb,2024-10-23T00:49:46.154Z,428adb2b-52fb-4b4c-a90d-f0e1e2f3e7c9
4d3a3402-facb-40ea-aa00-3cfa0a5c1cdf,Match,2025-02-16T01:38:27.156Z,2025-02-15,False,05e144bc-397d-4033-80c0-420c6719d84c,2025-02-16T01:38:27.156Z,a22c844e-e9fb-4dc1-a50f-1e742afe6001
fca0072f-a16e-4c2f-99b4-0bb5562f537a,Match,2024-05-19T16:51:50.464Z,2024-03-08,False,e692a8b9-5e99-460b-b810-59b06254eaa9,2024-05-19T16:51:50.464Z,250e0faa-79e1-4a07-aab3-24a7e087a655
b72feb2a-a8f4-494c-9f9d-9319079ee52e,Match,2024-06-05T20:48:09.768Z,2024-06-05,False,0719aa40-07f3-4b3d-b588-82da8605ffbb,2024-06-05T20:48:09.768Z,428adb2b-52fb-4b4c-a90d-f0e1e2f3e7c9
16af670c-29b7-4b58-8d88-38e7e391a200,Match,2024-05-19T17:01:17.408Z,2024-03-27,False,e692a8b9-5e99-460b-b810-59b06254eaa9,2024-05-19T17:01:17.408Z,631dd081-e14a-430d-9cfc-94a45aa8391b
e6a0868e-6729-4d52-97a8-620a69bc4e59,Match,2025-02-01T01:26:54.144Z,2025-01-31,False,0719aa40-07f3-4b3d-b588-82da8605ffbb,2025-02-01T01:26:54.144Z,e3edc986-a1fe-4787-98f4-dc9a85d4ccf6
f7bcbf6f-7c22-417c-8f71-cb6be86c1526,Match,2024-10-23T01:45:27.136Z,2024-10-22,False,0719aa40-07f3-4b3d-b588-82da8605ffbb,2024-10-23T01:45:27.136Z,428adb2b-52fb-4b4c-a90d-f0e1e2f3e7c9
4b2a62bf-b08e-444b-be5a-eaa0cb3bbc62,Match,2024-05-19T16:40:04.271Z,2024-02-26,False,e692a8b9-5e99-460b-b810-59b06254eaa9,2024-05-19T16:40:04.271Z,250e0faa-79e1-4a07-aab3-24a7e087a655
318f2ff3-75d0-465c-a099-146bbcf8c66c,Match,2025-01-28T02:43:31.863Z,2025-01-27,False,0719aa40-07f3-4b3d-b588-82da8605ffbb,2025-01-28T02:43:31.863Z,86aebd13-f085-4c4e-98a5-393b5e6652e1
46e7458c-582a-410d-9835-35a4d8c875a2,Match,2024-10-02T04:33:29.230Z,2024-10-01,False,unranked,2024-10-02T04:33:29.230Z,9e932e29-f9ec-4662-a455-5afc2932ba90
1d7c39f6-e7e0-4df2-8cb3-69d2ce0c301e,Match,2024-05-19T16:51:08.933Z,2024-03-07,False,e692a8b9-5e99-460b-b810-59b06254eaa9,2024-05-19T16:51:08.933Z,6ee12394-95a1-4e5a-8f98-e75351f969dc
7c411157-f979-41b4-8c55-c99ffc3dbaa5,Match,2024-05-27T03:16:00.962Z,2024-05-26,False,0719aa40-07f3-4b3d-b588-82da8605ffbb,2024-05-27T03:16:00.962Z,61ba27f3-4070-4c16-81c7-9df40c5741ce
6b516c3c-6a4c-4f4a-86d5-0a71a1a1efa4,Match,2024-05-19T17:11:28.324Z,2024-04-23,False,0719aa40-07f3-4b3d-b588-82da8605ffbb,2024-05-19T17:11:28.324Z,7782c783-a210-4d4b-a80d-976bef64f8e6
ebbdb82b-755b-4325-a826-787b7bdf5407,Match,2024-05-19T17:22:38.785Z,2024-05-07,False,0719aa40-07f3-4b3d-b588-82da8605ffbb,2024-05-19T17:22:38.785Z,9a9d96de-6228-4756-8647-3ea1cfa9c650
77c8cc5c-9d6a-40ff-80f6-3b673a7894a8,Match,2024-05-19T17:20:59.618Z,2024-05-04,False,0719aa40-07f3-4b3d-b588-82da8605ffbb,2024-05-19T17:20:59.618Z,dc35a538-cbc1-4ee1-ba7a-ca259c202a82
d61b957f-7236-46b6-a144-fe23d81965c2,Match,2024-05-19T16:57:40.863Z,2024-03-21,False,e692a8b9-5e99-460b-b810-59b06254eaa9,2024-05-19T16:57:40.863Z,0da2b3a3-5000-4e47-8afc-a8447305ae09
2f7fcad9-013c-49ed-914b-6a8739764c2c,Match,2024-05-26T19:43:55.388Z,2024-05-26,False,0719aa40-07f3-4b3d-b588-82da8605ffbb,2024-05-26T19:43:55.388Z,624d0224-081d-4438-97a9-bcc5cb83ca99
371c1259-e413-4029-b43b-3c0d34a35488,Match,2024-05-19T16:59:03.623Z,2024-03-23,False,e692a8b9-5e99-460b-b810-59b06254eaa9,2024-05-19T16:59:03.623Z,48ee0e6f-9456-4d47-9a9f-40d9e99806d2
746c4ea7-2a31-447a-965a-698ae8da02ca,Match,2024-06-17T04:21:50.835Z,2024-06-16,False,0719aa40-07f3-4b3d-b588-82da8605ffbb,2024-06-17T04:21:50.835Z,9e932e29-f9ec-4662-a455-5afc2932ba90
c3698966-c693-4cf9-a2ed-b89e00d31189,Match,2025-02-06T02:08:04.953Z,2025-02-05,False,05e144bc-397d-4033-80c0-420c6719d84c,2025-02-06T02:08:04.953Z,2b61216a-3c94-4fbc-9015-d1689ef7ea75
a749693a-4c46-4e4f-8b3a-5b39244ad86d,Match,2024-07-16T01:57:51.195Z,2024-07-15,False,0719aa40-07f3-4b3d-b588-82da8605ffbb,2024-07-16T01:57:51.195Z,1f783755-f47d-4a5d-83f5-f9a074c932b7
a5584bbe-e261-4dcb-b95c-990196d850c2,Match,2024-07-15T21:32:56.878Z,2024-07-15,False,0719aa40-07f3-4b3d-b588-82da8605ffbb,2024-07-15T21:32:56.878Z,15b6e205-8132-4d02-9e31-b005dae73745
af4ea2af-14dd-4bed-b5e2-08917fcd3819,Match,2024-05-19T16:43:51.013Z,2024-02-29,False,e692a8b9-5e99-460b-b810-59b06254eaa9,2024-05-19T16:43:51.013Z,44f636b9-182b-415d-afd8-ee563a0870b3
d4ebf127-e937-4ba1-a9d4-e0106f7e4d26,Match,2024-05-19T17:25:39.866Z,2024-05-15,False,0719aa40-07f3-4b3d-b588-82da8605ffbb,2024-05-19T17:25:39.866Z,e3edc986-a1fe-4787-98f4-dc9a85d4ccf6
e5ca30ef-c3b4-4c79-bf4e-d1288c20d678,Match,2024-05-19T16:47:53.576Z,2024-03-04,False,e692a8b9-5e99-460b-b810-59b06254eaa9,2024-05-19T16:47:53.576Z,9f2b5f40-f69f-459d-a21e-07ea0802597b
c2ae5bec-61b5-4df2-827b-f89cc5c26aa1,Match,2024-05-25T23:38:05.107Z,2024-05-25,False,0719aa40-07f3-4b3d-b588-82da8605ffbb,2024-05-25T23:38:05.107Z,35794f1e-2411-41b1-a47e-09ed856b9372
40f1bd97-abdc-4875-bfe2-eba4c478cec0,Match,2024-05-19T16:49:01.689Z,2024-03-04,False,e692a8b9-5e99-460b-b810-59b06254eaa9,2024-05-19T16:49:01.689Z,c7690006-23fb-4b87-bb90-48dd072fd6c7
eb8c914e-9770-4e44-a438-e132b9e2429b,Match,2024-05-19T17:15:23.645Z,2024-04-27,False,0719aa40-07f3-4b3d-b588-82da8605ffbb,2024-05-19T17:15:23.645Z,01896448-0df8-4da0-b0dd-f0c3c06c1462
b10cc16f-0c92-4478-a5d6-30270d24b0e7,Match,2025-02-27T03:57:42.957Z,2025-02-26,False,05e144bc-397d-4033-80c0-420c6719d84c,2025-02-27T03:57:42.957Z,0c596a42-23f4-4f4a-bfc6-eb2e9975895b
1bf4500a-4a92-4a0c-be60-efa4348e2685,Match,2024-10-08T00:02:06.400Z,2024-10-07,False,0719aa40-07f3-4b3d-b588-82da8605ffbb,2024-10-08T00:02:06.400Z,1b66a4ff-a57e-4e74-91d1-5ba6a13e4458
12b7ebaa-b95b-408d-855e-63ab99744119,Match,2024-07-11T02:24:59.364Z,2024-07-10,False,0719aa40-07f3-4b3d-b588-82da8605ffbb,2024-07-11T02:24:59.364Z,428adb2b-52fb-4b4c-a90d-f0e1e2f3e7c9
8dcbb180-0adf-4d46-89b7-4697304a7e07,Match,2024-10-01T01:28:53.595Z,2024-09-30,False,e692a8b9-5e99-460b-b810-59b06254eaa9,2024-10-01T01:28:53.595Z,c7690006-23fb-4b87-bb90-48dd072fd6c7
20c0693c-c06b-4340-9586-2954924cf68a,Match,2024-06-15T03:54:52.691Z,2024-06-14,False,0719aa40-07f3-4b3d-b588-82da8605ffbb,2024-06-15T03:54:52.691Z,7782c783-a210-4d4b-a80d-976bef64f8e6
4b0e8d02-86fd-4e08-bc8a-d0bd4325d82c,Match,2024-05-19T16:41:12.359Z,2024-02-27,False,e692a8b9-5e99-460b-b810-59b06254eaa9,2024-05-19T16:41:12.359Z,44f636b9-182b-415d-afd8-ee563a0870b3
88323396-de56-4175-bcce-53304cebbe32,Match,2024-05-19T17:18:09.322Z,2024-04-29,False,0719aa40-07f3-4b3d-b588-82da8605ffbb,2024-05-19T17:18:09.322Z,75c2b55c-9112-43d4-8009-1ed1344ee62f
32140591-af1a-4a98-bcf0-05709508478a,Match,2025-02-25T04:11:27.904Z,2025-02-24,False,05e144bc-397d-4033-80c0-420c6719d84c,2025-02-25T04:11:27.904Z,a22c844e-e9fb-4dc1-a50f-1e742afe6001
fa72dfdf-bdc7-400c-b3b0-8b1ab1f10c97,Match,2024-05-19T17:12:47.867Z,2024-04-24,False,0719aa40-07f3-4b3d-b588-82da8605ffbb,2024-05-19T17:12:47.867Z,35794f1e-2411-41b1-a47e-09ed856b9372
6403ca66-679d-430e-a76f-1a6138a7357e,Match,2024-05-19T17:10:56.862Z,2024-04-22,False,0719aa40-07f3-4b3d-b588-82da8605ffbb,2024-05-19T17:10:56.862Z,ce3762ac-8950-4281-8513-fdf86bdcc3bb
60287e61-a146-4ecf-a6a7-96ee4958a89b,Match,2024-05-22T04:06:01.048Z,2024-05-21,False,0719aa40-07f3-4b3d-b588-82da8605ffbb,2024-05-22T04:06:01.048Z,01896448-0df8-4da0-b0dd-f0c3c06c1462
22461895-59c1-43c1-bfde-3c48ebe089a4,Match,2024-05-19T17:21:56.014Z,2024-05-06,False,0719aa40-07f3-4b3d-b588-82da8605ffbb,2024-05-19T17:21:56.014Z,01896448-0df8-4da0-b0dd-f0c3c06c1462
abb4090b-c303-4f1b-8435-2780792bf678,Match,2025-02-02T14:09:35.767Z,2025-02-01,False,05e144bc-397d-4033-80c0-420c6719d84c,2025-02-02T14:09:35.767Z,cf5d5740-6636-48c7-8123-4038a7d279ef
72c5a3b7-1c8f-4b1a-9adf-d732d53caebe,Match,2024-06-18T13:39:53.019Z,2024-06-17,False,e692a8b9-5e99-460b-b810-59b06254eaa9,2024-06-18T13:39:53.019Z,e1aaf410-f1d9-4b1c-a3d8-557dd9d06e15
159f0dbe-9ca8-4084-9ff5-c5ca56093a09,Match,2024-05-31T02:34:14.529Z,2024-05-30,False,0719aa40-07f3-4b3d-b588-82da8605ffbb,2024-05-31T02:34:14.529Z,ce3762ac-8950-4281-8513-fdf86bdcc3bb
fd15a479-a9be-4599-b19e-3426f92af060,Match,2024-05-19T16:55:50.303Z,2024-03-17,False,e692a8b9-5e99-460b-b810-59b06254eaa9,2024-05-19T16:55:50.303Z,6d1f2b1b-c07f-4b0c-9a10-c8d9854c6592
ca229793-178e-4d5f-826e-c2294bc1ea58,Match,2024-07-26T01:21:59.727Z,2024-07-25,False,0719aa40-07f3-4b3d-b588-82da8605ffbb,2024-07-26T01:21:59.727Z,e118698d-de53-4454-af96-4691189965b8
cd2b8bfd-69e0-463f-bf83-ac4ef97c016d,Match,2024-05-19T16:50:12.926Z,2024-03-06,False,e692a8b9-5e99-460b-b810-59b06254eaa9,2024-05-19T16:50:12.926Z,00f68c77-1154-473b-9b0a-c0d399478147
5f73846e-7599-4f78-978c-ac9a24f2d97d,Match,2024-10-19T01:33:07.278Z,2024-10-18,False,unranked,2024-10-19T01:33:07.278Z,1c4ad29c-9a92-496e-beaf-15e5fe376bba
6ded3849-8f4d-4ab2-be3c-7164df523323,Match,2024-08-03T18:42:52.337Z,2024-08-03,False,0719aa40-07f3-4b3d-b588-82da8605ffbb,2024-08-03T18:42:52.337Z,1f783755-f47d-4a5d-83f5-f9a074c932b7
84522aab-6c32-4ddc-88ec-b7a46ac73c7a,Match,2024-05-19T16:42:10.880Z,2024-02-28,False,e692a8b9-5e99-460b-b810-59b06254eaa9,2024-05-19T16:42:10.880Z,9f2b5f40-f69f-459d-a21e-07ea0802597b
99841746-c98d-4d29-91d7-e14b19b0a9be,Match,2024-05-19T17:12:32.543Z,2024-04-24,False,0719aa40-07f3-4b3d-b588-82da8605ffbb,2024-05-19T17:12:32.543Z,7782c783-a210-4d4b-a80d-976bef64f8e6
d298d3e5-cb11-4206-b706-9d973970cf88,Match,2024-10-08T03:37:12.100Z,2024-10-07,False,e692a8b9-5e99-460b-b810-59b06254eaa9,2024-10-08T03:37:12.100Z,32a8456c-1233-4144-9808-7913c9b22749
dc0ba3d7-3321-4221-98d7-795bf28325b7,Match,2024-07-15T00:19:14.895Z,2024-07-14,False,0719aa40-07f3-4b3d-b588-82da8605ffbb,2024-07-15T00:19:14.895Z,1f783755-f47d-4a5d-83f5-f9a074c932b7
b66821ba-6ae2-4dfc-baaf-b8c6f2e9dd22,Match,2024-08-05T01:53:44.541Z,2024-08-04,False,0719aa40-07f3-4b3d-b588-82da8605ffbb,2024-08-05T01:53:44.541Z,1f783755-f47d-4a5d-83f5-f9a074c932b7
0c4c3686-6b21-44d5-b6c4-037d36226534,Match,2024-05-19T16:54:31.665Z,2024-03-13,False,e692a8b9-5e99-460b-b810-59b06254eaa9,2024-05-19T16:54:31.665Z,d61c7003-2670-4418-86db-60d62b7d1bd7
a5e34947-476c-445d-af4f-12114b5de2a3,Match,2025-01-14T02:05:10.571Z,2025-01-13,False,0719aa40-07f3-4b3d-b588-82da8605ffbb,2025-01-14T02:05:10.571Z,1c4ad29c-9a92-496e-beaf-15e5fe376bba
cd3afa0f-dc8d-4ed2-bbd7-a7161e05da9b,Match,2024-05-19T17:26:26.597Z,2024-05-18,False,0719aa40-07f3-4b3d-b588-82da8605ffbb,2024-05-19T17:26:26.597Z,01896448-0df8-4da0-b0dd-f0c3c06c1462
1e000764-e458-415a-9444-a9d46cf01f89,Match,2024-06-16T21:59:31.845Z,2024-06-16,False,0719aa40-07f3-4b3d-b588-82da8605ffbb,2024-06-16T21:59:31.845Z,971e723e-4b03-4a96-95fb-f1f5522a02e5
b6784190-fef4-42f9-8e39-44ee55411d99,Match,2024-05-19T17:06:33.701Z,2024-04-18,False,e692a8b9-5e99-460b-b810-59b06254eaa9,2024-05-19T17:06:33.701Z,6ee12394-95a1-4e5a-8f98-e75351f969dc
6f6888c9-a6a6-4871-b6e7-2b535bacdb27,Match,2024-09-23T23:34:22.439Z,2024-09-23,False,e692a8b9-5e99-460b-b810-59b06254eaa9,2024-09-23T23:34:22.439Z,eddd609d-2556-4463-912d-eff97e7b2850
2af8f126-c474-4d0d-b100-3b5ad969b064,Match,2024-05-27T02:42:03.169Z,2024-05-26,False,0719aa40-07f3-4b3d-b588-82da8605ffbb,2024-05-27T02:42:03.169Z,0ecf7943-dc6a-45df-96ee-584cf1293c82
0fb5b5a0-3186-442e-a60e-78ad8cfea32e,Match,2024-05-19T17:15:03.965Z,2024-04-27,False,0719aa40-07f3-4b3d-b588-82da8605ffbb,2024-05-19T17:15:03.965Z,e3edc986-a1fe-4787-98f4-dc9a85d4ccf6
f06b38aa-d007-4454-9196-cb348cc479b2,Match,2024-05-19T17:05:36.369Z,2024-04-16,False,e692a8b9-5e99-460b-b810-59b06254eaa9,2024-05-19T17:05:36.369Z,48ee0e6f-9456-4d47-9a9f-40d9e99806d2